"Name","LastWriteTime"
"2a55eebf-8469-4639-b2ac-2779c080b5d6.pb","4/4/2026 11:05:14 PM"
"881886c4-7831-4ba7-a105-f06c92b3e502.pb","4/4/2026 10:05:45 PM"
"29658b6c-fc72-4509-b86c-d428b29b5cd4.pb","4/3/2026 5:38:27 PM"
"ad128b54-1cbc-483d-b82f-54d6a687f523.pb","4/3/2026 1:31:30 PM"
"cec9e35f-4d0a-401e-b6c1-1ce640683d9d.pb","3/31/2026 9:22:00 PM"
"968a457c-dffb-42ca-a011-4e8ba9077cc1.pb","3/31/2026 4:04:02 PM"
"0ef55bf9-fef7-480d-9308-002e9203bffb.pb","3/28/2026 12:33:06 AM"
"c83cc527-8151-4f63-9100-398b094ad4f0.pb","3/28/2026 12:25:53 AM"
"fd840587-4174-4dbf-b670-ed03c8a38c62.pb","3/28/2026 12:16:01 AM"
"ddbd910e-e315-4a4f-b4eb-ee123ec3c5b3.pb","3/27/2026 11:48:27 PM"
"080c5f29-ba3b-4828-8446-d7fca80e1e7b.pb","3/27/2026 9:14:21 PM"
"3ce63c72-832b-4bc5-a898-fa5e4fa709c2.pb","3/27/2026 8:58:09 PM"
"cd92246b-47b5-414d-8146-4930f8ee752a.pb","3/27/2026 5:36:26 PM"
"9e5d9643-5b42-4814-a814-79245cdcea74.pb","3/27/2026 5:14:02 PM"
"31e4d30d-607e-4dce-8d0c-218b3fe69804.pb","3/26/2026 10:41:58 PM"
"467c2fcc-6f6f-4001-957f-497e31d5e3a7.pb","3/26/2026 10:26:32 PM"
"f95f8800-b2f5-4e9e-a59f-71f14747cbc7.pb","3/26/2026 7:28:31 PM"
"a921c6f6-605c-45f1-af1c-6132eb2906b1.pb","3/26/2026 7:24:09 PM"
"8003d217-4940-41d4-b419-6ffe5da7a32a.pb","3/26/2026 2:01:53 PM"
"e045ac4a-a721-479d-9f15-2a6b1d742af3.pb","3/26/2026 10:10:24 AM"
"ab4950c5-2516-4770-97db-b7dfc5850575.pb","3/25/2026 7:48:08 PM"
"ad128b54-1cbc-483d-b82f-54d6a687f523.7730dd42-d16d-46f7-b855-b5e490400327.tmp","3/25/2026 7:07:11 PM"
"045e6ae3-05ec-4283-b192-d2132bf17704.pb","3/25/2026 12:51:38 AM"
"2900c1a0-5790-42cf-94b4-b98cabc75344.pb","3/25/2026 12:47:08 AM"
"c0205b93-1724-4d76-bf04-8f550274f24e.pb","3/24/2026 5:03:58 PM"
"1b426fe1-9477-420d-bbf3-63a01dc705a8.pb","3/24/2026 4:09:34 PM"
"5404e420-e367-444c-9346-c513e7993c76.pb","3/24/2026 1:25:58 PM"
"9aeedeaa-f4d1-467e-8919-670e024a54bb.pb","3/24/2026 4:54:40 AM"
"5a5c1242-9b76-4848-81a9-fc7d8195f51e.pb","3/23/2026 1:35:56 PM"
"1fea201e-9a63-4a26-85f6-cdbe65c83423.pb","3/20/2026 9:46:49 AM"
"ad5292a4-9707-49dd-8087-158cb29c8a1e.pb","3/18/2026 10:59:46 PM"
"bc89e4d7-fe6a-49dc-ba9a-c4d4423befad.pb","3/18/2026 3:55:18 PM"
"33ca0f13-4a1f-494f-80db-3409084828d1.pb","3/18/2026 2:48:19 PM"
"8927de8d-fd69-43e7-993d-c336d80a4be1.pb","3/17/2026 6:58:07 PM"
"30532b4a-10de-44a7-b83c-ae213a719ae6.pb","3/14/2026 8:24:10 PM"
"b3c475f9-2f6e-4987-8e67-943d0d8bf900.pb","3/11/2026 8:30:13 PM"
"613fac7c-2957-404f-a867-9db86a2526e3.pb","3/11/2026 10:49:17 AM"
"cc6cdb5c-3b79-4539-9ccf-a07dd8536b19.pb","3/11/2026 10:22:23 AM"
"f2b64c85-10cb-49f8-8bbe-623c8a0e069c.pb","3/10/2026 12:18:52 AM"
"41f9285f-e38f-4ac9-8c62-0b889fe8131a.pb","3/7/2026 9:42:13 PM"
"7515200e-453d-4508-bac9-efbf9e7d8b63.pb","3/5/2026 11:30:05 AM"
"ef99408e-0a5e-4110-aa3a-37589b738e7a.pb","3/5/2026 10:55:25 AM"
"2e3e7d1e-744a-480d-a972-4a4c62fbd279.pb","3/3/2026 11:49:13 PM"
"8b0c9cb8-3e11-463e-9139-b4727d935778.pb","3/3/2026 11:36:44 PM"
"262f9f22-cc1f-4bc2-9730-9422af47657c.pb","3/3/2026 11:21:07 PM"
"f51ddc8b-4031-4f70-9bdf-284694d960db.pb","3/3/2026 10:40:31 PM"
"1ff7e62c-99b1-4a42-9fcf-17dd914fd648.pb","3/3/2026 10:17:42 PM"
"2ee80dd4-706c-4588-91ed-8875aa72dfce.pb","3/3/2026 6:58:54 PM"
"f252a4cd-3f83-45c2-85a3-57b52f1b395a.pb","3/3/2026 4:36:52 PM"
"d1e3cb33-a3b4-4906-8249-621667294c68.pb","3/3/2026 4:09:10 PM"
"99b98c3c-d90f-4539-b1c8-6d46f11a49b9.pb","3/3/2026 3:58:08 PM"
"a0358e4d-58f8-4210-aae4-a143840f32d1.pb","3/3/2026 9:57:50 AM"
"24e85b0f-f658-44fc-b191-bb721ab53fee.pb","3/2/2026 8:19:15 PM"
"88ebcd81-faa9-4b08-86a3-aa64541c87d8.pb","3/2/2026 11:08:32 AM"
"e52b13d4-5f26-43bc-9a4c-a3c4dbd1efd3.pb","2/23/2026 10:00:47 PM"
"e748bd26-9ee3-4a93-b71e-be6b1634d242.pb","2/20/2026 7:29:44 PM"
"ce3f3620-d826-499b-a454-dee3afe3d57f.pb","2/20/2026 4:08:50 PM"
"4878ed99-2072-4a01-b663-f27c2c2df7d6.pb","2/19/2026 8:35:04 PM"
"88790d1d-0e37-4f16-b554-06d251640ea0.pb","2/19/2026 7:39:13 PM"
"adae86ff-5da9-4224-8ee5-8e40db2c6a15.pb","2/19/2026 3:16:28 PM"
"1728e932-4d08-4157-8efd-28d2dfaa57bf.pb","2/19/2026 3:14:36 PM"
"8d95a06c-4dbf-4e3f-8859-85e3cff7c354.pb","2/19/2026 2:41:23 PM"
"df314f92-3ef8-41c2-baab-6d22bfeb25c8.pb","2/19/2026 1:42:08 PM"
"a669d9aa-1ca1-4be6-afbf-2ab1e8593559.pb","2/19/2026 11:57:17 AM"
"1f7ed306-b0b5-4a85-8b57-065e5c9cfa39.pb","2/17/2026 1:17:12 PM"
"b51bb7bb-3951-4961-ac4c-04a2912c0750.pb","2/15/2026 10:47:07 PM"
"596d4700-aa44-4821-a87e-c59809d19c5e.pb","2/15/2026 2:41:48 PM"
"3d4c2b96-3323-4d66-bf69-4ef7ac702a09.pb","2/15/2026 12:48:39 PM"
"1aa4b7f7-2166-42eb-9847-55dee48956ec.pb","2/7/2026 10:17:55 AM"
"df9fb984-4550-444e-b2fe-84db8f5674e7.pb","2/5/2026 9:15:44 PM"
"5cf67551-b5f1-4f32-bf13-db23fa552152.pb","2/4/2026 9:49:02 PM"
"a3fa08f5-016d-4db3-b681-f835fccea690.pb","2/3/2026 8:44:18 PM"
"7e4297fc-6c56-46dc-9f62-902a52204480.pb","2/3/2026 5:36:26 PM"
"088f9e60-9511-47c1-990d-e9502244f4fc.pb","2/1/2026 10:38:29 PM"
"53fccb7e-c774-4795-9347-6359c6d38355.pb","2/1/2026 10:34:19 PM"
"3b81a270-ba5b-4357-9944-c25a4aa5718e.pb","2/1/2026 1:12:49 PM"
"fee081c8-e50d-4c04-9760-051e730c13d8.pb","1/31/2026 11:24:24 PM"
"9192f35f-29e7-48ec-9c7a-10c0e2fadc08.pb","1/31/2026 9:21:07 AM"
"88e552d3-3064-4056-a85c-d1b166e814f3.pb","1/30/2026 11:22:22 PM"
"05cc7b21-5541-4028-befe-04ad86249185.pb","1/30/2026 9:09:13 PM"
"93ed6ebe-229e-4045-8a7e-d4d3ed2365b6.pb","1/28/2026 3:32:40 PM"
"5987d9bf-69c9-4561-98bc-285683b47738.pb","1/28/2026 3:32:40 PM"
"860ba1e9-5dbb-45d2-9bb7-3ce86d939c3f.pb","1/26/2026 9:47:38 PM"
"81fa0582-b26c-4109-844f-05a3021f527e.pb","1/25/2026 9:04:43 PM"
"ede93ade-0c77-473d-a2ef-e2d032cfb410.pb","1/25/2026 4:45:12 PM"
"2dad886a-e52a-433c-b8eb-76b4a0bb132d.pb","1/25/2026 2:45:51 PM"
"cd2a9f1d-af20-4318-9b81-a030e2d21e92.pb","1/24/2026 2:23:30 PM"
"4fcdf709-a98a-45f7-8b98-f3d786ba134d.pb","1/23/2026 11:16:46 PM"
"1a7e2e7b-4ccb-4886-948f-0e4e467c4b16.pb","1/18/2026 12:05:35 AM"
"670bee4c-e3f3-482e-baa7-ac0cc79a81a2.pb","1/16/2026 9:32:36 PM"
"754cca7b-1dde-45b0-a98e-d198cd777c88.pb","1/16/2026 1:19:30 AM"
"ad813d0f-3cf3-475a-8f8d-95a9a93c0fa3.pb","1/16/2026 12:03:23 AM"
"c99f0342-1ecf-49a5-8bc7-581303ad7fd5.pb","1/15/2026 11:55:22 PM"
"01fd00d7-0854-4ad1-8493-534e1142b52e.pb","1/15/2026 10:25:44 PM"
"9a54c05f-d5dd-45e2-8d06-58c6d803a813.pb","1/15/2026 10:05:00 PM"
"0110a268-13dc-4495-aa09-f35456bd6d3b.pb","1/15/2026 9:28:01 PM"
"b80bbc3d-d1f9-4812-be7b-aa820fb847b1.pb","1/15/2026 9:26:02 PM"
"24b63384-42da-4d00-88d7-1c9de16876a6.pb","1/15/2026 8:58:08 PM"
"4c3fb2c6-0519-4304-91c2-688b82e10b7a.pb","1/15/2026 8:50:14 PM"
"ef013487-a33c-4ab1-8346-4b6e404bb14a.pb","1/13/2026 10:33:55 PM"
"55cc141e-0fce-4b3e-b7fb-22e0c1d6cb6f.pb","1/12/2026 7:52:06 PM"
